{"cameraMode":{"drawMode":0,"name":"Shaded","section":"Shading Mode"},"sceneLighting":true,"audioPlay":false,"sceneViewState":{"m_AlwaysRefresh":false,"showFog":true,"showSkybox":true,"showFlares":true,"showImageEffects":true,"showParticleSystems":true,"showVisualEffectGraphs":true,"m_FxEnabled":true},"in2DMode":false,"pivot":{"x":-11.445633888244629,"y":19.541961669921876,"z":7.0497002601623539},"rotation":{"x":0.29852408170700076,"y":0.7013721466064453,"z":-0.44835928082466128,"w":0.4669093191623688},"size":0.410542756319046,"orthographic":false}