{"cameraMode":{"drawMode":0,"name":"Shaded","section":"Shading Mode"},"sceneLighting":true,"audioPlay":false,"sceneViewState":{"m_AlwaysRefresh":false,"showFog":true,"showSkybox":true,"showFlares":true,"showImageEffects":true,"showParticleSystems":true,"showVisualEffectGraphs":true,"m_FxEnabled":true},"in2DMode":false,"pivot":{"x":-1.2529182434082032,"y":5.271932125091553,"z":1.8891172409057618},"rotation":{"x":0.29641279578208926,"y":-0.4596576690673828,"z":0.16372543573379517,"w":0.8214951157569885},"size":3.7993412017822267,"orthographic":false}