{"cameraMode":{"drawMode":0,"name":"Shaded","section":"Shading Mode"},"sceneLighting":true,"audioPlay":false,"sceneViewState":{"m_AlwaysRefresh":false,"showFog":true,"showSkybox":true,"showFlares":true,"showImageEffects":true,"showParticleSystems":true,"showVisualEffectGraphs":true,"m_FxEnabled":true},"in2DMode":false,"pivot":{"x":5.346333980560303,"y":12.195799827575684,"z":-20.0186767578125},"rotation":{"x":0.19260184466838838,"y":-0.01085744984447956,"z":0.002135892165824771,"w":0.9812873005867004},"size":23.28500747680664,"orthographic":false}