{"cameraMode":{"drawMode":0,"name":"Shaded","section":"Shading Mode"},"sceneLighting":true,"audioPlay":false,"sceneViewState":{"m_AlwaysRefresh":false,"showFog":true,"showSkybox":true,"showFlares":true,"showImageEffects":true,"showParticleSystems":true,"showVisualEffectGraphs":true,"m_FxEnabled":true},"in2DMode":false,"pivot":{"x":111.4085464477539,"y":-388.00006103515627,"z":359.78143310546877},"rotation":{"x":0.4027034640312195,"y":0.12714645266532899,"z":-0.05820339918136597,"w":0.9051787853240967},"size":303.29583740234377,"orthographic":false}