{"cameraMode":{"drawMode":0,"name":"Shaded","section":"Shading Mode"},"sceneLighting":true,"audioPlay":false,"sceneViewState":{"m_AlwaysRefresh":false,"showFog":true,"showSkybox":true,"showFlares":true,"showImageEffects":true,"showParticleSystems":true,"showVisualEffectGraphs":true,"m_FxEnabled":true},"in2DMode":false,"pivot":{"x":-3.1683003902435304,"y":-4.144819736480713,"z":-10.242208480834961},"rotation":{"x":0.020887602120637895,"y":-0.9800164103507996,"z":0.15432105958461762,"w":0.12646564841270448},"size":8.17666244506836,"orthographic":false}