{"cameraMode":{"drawMode":0,"name":"Shaded","section":"Shading Mode"},"sceneLighting":true,"audioPlay":false,"sceneViewState":{"m_AlwaysRefresh":false,"showFog":true,"showSkybox":true,"showFlares":true,"showImageEffects":true,"showParticleSystems":true,"showVisualEffectGraphs":true,"m_FxEnabled":true},"in2DMode":false,"pivot":{"x":173.3468475341797,"y":40.1837043762207,"z":330.8444519042969},"rotation":{"x":-0.032549697905778888,"y":0.09076647460460663,"z":0.0029791658744215967,"w":0.9953994750976563},"size":208.62832641601563,"orthographic":false}