{"cameraMode":{"drawMode":0,"name":"Shaded","section":"Shading Mode"},"sceneLighting":true,"audioPlay":false,"sceneViewState":{"m_AlwaysRefresh":false,"showFog":true,"showSkybox":true,"showFlares":true,"showImageEffects":true,"showParticleSystems":true,"showVisualEffectGraphs":true,"m_FxEnabled":true},"in2DMode":false,"pivot":{"x":19.45738983154297,"y":3.389890670776367,"z":24.47122573852539},"rotation":{"x":0.0027002994902431967,"y":-0.31519392132759097,"z":-0.0004139812954235822,"w":-0.9493928551673889},"size":7.1675238609313969,"orthographic":false}