{"cameraMode":{"drawMode":0,"name":"Shaded","section":"Shading Mode"},"sceneLighting":true,"audioPlay":false,"sceneViewState":{"m_AlwaysRefresh":false,"showFog":true,"showSkybox":true,"showFlares":true,"showImageEffects":true,"showParticleSystems":true,"showVisualEffectGraphs":true,"m_FxEnabled":true},"in2DMode":false,"pivot":{"x":3.1334755420684816,"y":1.554033875465393,"z":0.4600536823272705},"rotation":{"x":0.004192900378257036,"y":0.9907687306404114,"z":-0.13185957074165345,"w":0.031517717987298968},"size":1.2088127136230469,"orthographic":false}