{"cameraMode":{"drawMode":0,"name":"Shaded","section":"Shading Mode"},"sceneLighting":true,"audioPlay":false,"sceneViewState":{"m_AlwaysRefresh":false,"showFog":true,"showSkybox":true,"showFlares":true,"showImageEffects":true,"showParticleSystems":true,"showVisualEffectGraphs":true,"m_FxEnabled":true},"in2DMode":false,"pivot":{"x":-11.606273651123047,"y":11.780694007873536,"z":-24.022098541259767},"rotation":{"x":0.36785900592803957,"y":0.022313499823212625,"z":-0.008815218694508076,"w":0.9295937418937683},"size":20.18274688720703,"orthographic":false}